"ID de la entrada","Nombre de la entrada","Enlace de la imagen"
4303,"L03 - IMPORTANTE LOTEO EN BARRIO LA ANTIGUA II - VILLA CURA BROCHERO","a:5:{i:0;s:78:""http://sierrasinmobiliaria.com.ar/wp-content/uploads/2022/06/1-1-1024x471.jpeg"";i:1;s:78:""http://sierrasinmobiliaria.com.ar/wp-content/uploads/2022/06/2-1-1024x472.jpeg"";i:2;s:78:""http://sierrasinmobiliaria.com.ar/wp-content/uploads/2022/06/3-1-1024x472.jpeg"";i:3;s:76:""http://sierrasinmobiliaria.com.ar/wp-content/uploads/2022/06/4-1024x472.jpeg"";i:4;s:76:""http://sierrasinmobiliaria.com.ar/wp-content/uploads/2022/06/5-1024x472.jpeg"";}"
7228,"NM02 – Almacén y Departamentos en Cura Brochero","a:8:{i:0;s:77:""http://sierrasinmobiliaria.com.ar/wp-content/uploads/2021/01/1-1-1024x768.jpg"";i:1;s:75:""http://sierrasinmobiliaria.com.ar/wp-content/uploads/2021/01/2-1024x768.jpg"";i:2;s:75:""http://sierrasinmobiliaria.com.ar/wp-content/uploads/2021/01/3-1024x768.jpg"";i:3;s:75:""http://sierrasinmobiliaria.com.ar/wp-content/uploads/2021/01/4-1024x418.jpg"";i:4;s:110:""http://sierrasinmobiliaria.com.ar/wp-content/uploads/2021/01/339a1d7b-7a34-468d-87f2-d846678a7427-1024x768.jpg"";i:5;s:110:""http://sierrasinmobiliaria.com.ar/wp-content/uploads/2021/01/cfbd2605-7093-4d93-a605-ec31812aaa00-1024x768.jpg"";i:6;s:110:""http://sierrasinmobiliaria.com.ar/wp-content/uploads/2021/01/f185e83f-de4e-442a-a65b-f8ba9209584b-1024x768.jpg"";i:7;s:110:""http://sierrasinmobiliaria.com.ar/wp-content/uploads/2021/01/977186e4-0c8a-4643-8f45-99994f781452-768x1024.jpg"";}"
7335,"V07 -  CABAÑA CON ACCESO AL RÍO EN CURA BROCHERO","a:8:{i:0;s:114:""http://sierrasinmobiliaria.com.ar/wp-content/uploads/2021/11/WhatsApp-Image-2022-01-04-at-21.49.30-1-1024x577.jpeg"";i:1;s:78:""http://sierrasinmobiliaria.com.ar/wp-content/uploads/2021/08/2-1-576x1024.jpeg"";i:2;s:77:""http://sierrasinmobiliaria.com.ar/wp-content/uploads/2021/08/3.-576x1024.jpeg"";i:3;s:78:""http://sierrasinmobiliaria.com.ar/wp-content/uploads/2021/08/4-1-1024x576.jpeg"";i:4;s:78:""http://sierrasinmobiliaria.com.ar/wp-content/uploads/2021/08/5-1-1024x576.jpeg"";i:5;s:78:""http://sierrasinmobiliaria.com.ar/wp-content/uploads/2021/08/6..-1024x576.jpeg"";i:6;s:77:""http://sierrasinmobiliaria.com.ar/wp-content/uploads/2021/08/7.-768x1024.jpeg"";i:7;s:78:""http://sierrasinmobiliaria.com.ar/wp-content/uploads/2021/08/13--1024x576.jpeg"";}"
7378,"V06 – Casona en Centro Histórico de Villa Cura Brochero","a:7:{i:0;s:71:""http://sierrasinmobiliaria.com.ar/wp-content/uploads/2021/12/V258-1.jpg"";i:1;s:82:""http://sierrasinmobiliaria.com.ar/wp-content/uploads/2021/12/100_7468-1024x768.jpg"";i:2;s:73:""http://sierrasinmobiliaria.com.ar/wp-content/uploads/2021/12/IMG_8581.jpg"";i:3;s:71:""http://sierrasinmobiliaria.com.ar/wp-content/uploads/2021/12/V258-6.jpg"";i:4;s:71:""http://sierrasinmobiliaria.com.ar/wp-content/uploads/2021/12/V258-5.jpg"";i:5;s:71:""http://sierrasinmobiliaria.com.ar/wp-content/uploads/2021/12/V258-8.jpg"";i:6;s:71:""http://sierrasinmobiliaria.com.ar/wp-content/uploads/2021/12/V258-4.jpg"";}"
7387,"V52 Departamento Céntrico de 2 dormitorios","a:4:{i:0;s:75:""http://sierrasinmobiliaria.com.ar/wp-content/uploads/2021/12/1-1024x768.jpg"";i:1;s:75:""http://sierrasinmobiliaria.com.ar/wp-content/uploads/2021/12/5-1024x768.jpg"";i:2;s:75:""http://sierrasinmobiliaria.com.ar/wp-content/uploads/2021/12/6-1024x768.jpg"";i:3;s:75:""http://sierrasinmobiliaria.com.ar/wp-content/uploads/2021/12/7-1024x768.jpg"";}"
7397,"V53 – Casa de dos Dormitorios en Inmejorable Ubicación de Mina Clavero","a:5:{i:0;s:82:""http://sierrasinmobiliaria.com.ar/wp-content/uploads/2021/12/100_6520-1024x768.jpg"";i:1;s:82:""http://sierrasinmobiliaria.com.ar/wp-content/uploads/2021/12/100_6517-1024x768.jpg"";i:2;s:82:""http://sierrasinmobiliaria.com.ar/wp-content/uploads/2021/12/100_6515-1024x768.jpg"";i:3;s:82:""http://sierrasinmobiliaria.com.ar/wp-content/uploads/2021/12/100_6511-1024x768.jpg"";i:4;s:82:""http://sierrasinmobiliaria.com.ar/wp-content/uploads/2021/12/100_6482-1024x768.jpg"";}"
7418,"V57- CASA BARRIO MAITHE","a:3:{i:0;s:77:""http://sierrasinmobiliaria.com.ar/wp-content/uploads/2021/12/1-1-1024x768.jpg"";i:1;s:77:""http://sierrasinmobiliaria.com.ar/wp-content/uploads/2021/12/2-1-1024x768.jpg"";i:2;s:77:""http://sierrasinmobiliaria.com.ar/wp-content/uploads/2021/12/3-2-1024x768.jpg"";}"
7476,"T01- 3 LOTES EN  VILLA CURA BROCHERO","a:6:{i:0;s:73:""http://sierrasinmobiliaria.com.ar/wp-content/uploads/2021/12/100_6333.jpg"";i:1;s:73:""http://sierrasinmobiliaria.com.ar/wp-content/uploads/2021/12/100_6343.jpg"";i:2;s:73:""http://sierrasinmobiliaria.com.ar/wp-content/uploads/2021/12/100_6342.jpg"";i:3;s:80:""http://sierrasinmobiliaria.com.ar/wp-content/uploads/2021/12/164WEB-1024x768.jpg"";i:4;s:77:""http://sierrasinmobiliaria.com.ar/wp-content/uploads/2021/12/173-1024x768.jpg"";i:5;s:77:""http://sierrasinmobiliaria.com.ar/wp-content/uploads/2021/12/178-1024x768.jpg"";}"
7484,"V21 – Vivienda en San Lorenzo","a:8:{i:0;s:78:""http://sierrasinmobiliaria.com.ar/wp-content/uploads/2021/12/1-2-766x1024.jpeg"";i:1;s:78:""http://sierrasinmobiliaria.com.ar/wp-content/uploads/2021/12/2-2-766x1024.jpeg"";i:2;s:78:""http://sierrasinmobiliaria.com.ar/wp-content/uploads/2021/12/3-1-766x1024.jpeg"";i:3;s:78:""http://sierrasinmobiliaria.com.ar/wp-content/uploads/2021/12/4-3-766x1024.jpeg"";i:4;s:77:""http://sierrasinmobiliaria.com.ar/wp-content/uploads/2021/12/11-766x1024.jpeg"";i:5;s:77:""http://sierrasinmobiliaria.com.ar/wp-content/uploads/2021/12/13-766x1024.jpeg"";i:6;s:79:""http://sierrasinmobiliaria.com.ar/wp-content/uploads/2021/12/12-1-1024x766.jpeg"";i:7;s:117:""http://sierrasinmobiliaria.com.ar/wp-content/uploads/2021/12/WhatsApp-Image-2021-11-02-at-10.57.12-AM-2-766x1024.jpeg"";}"
7496,"T06- GRANJA DE SAN ALBERTO","a:6:{i:0;s:75:""http://sierrasinmobiliaria.com.ar/wp-content/uploads/2021/12/T153-1-web.jpg"";i:1;s:71:""http://sierrasinmobiliaria.com.ar/wp-content/uploads/2021/12/T153-2.jpg"";i:2;s:75:""http://sierrasinmobiliaria.com.ar/wp-content/uploads/2021/12/T153-3-web.jpg"";i:3;s:71:""http://sierrasinmobiliaria.com.ar/wp-content/uploads/2021/12/T153-4.jpg"";i:4;s:71:""http://sierrasinmobiliaria.com.ar/wp-content/uploads/2021/12/T153-8.jpg"";i:5;s:71:""http://sierrasinmobiliaria.com.ar/wp-content/uploads/2021/12/T153-7.jpg"";}"
7504,"TERRENO EN CURA BROCHERO","a:7:{i:0;s:77:""http://sierrasinmobiliaria.com.ar/wp-content/uploads/2021/12/1-2-1024x768.jpg"";i:1;s:77:""http://sierrasinmobiliaria.com.ar/wp-content/uploads/2021/12/2-2-1024x768.jpg"";i:2;s:75:""http://sierrasinmobiliaria.com.ar/wp-content/uploads/2021/12/3-1024x768.jpg"";i:3;s:77:""http://sierrasinmobiliaria.com.ar/wp-content/uploads/2021/12/5-2-1024x768.jpg"";i:4;s:77:""http://sierrasinmobiliaria.com.ar/wp-content/uploads/2021/12/8-1-1024x768.jpg"";i:5;s:77:""http://sierrasinmobiliaria.com.ar/wp-content/uploads/2021/12/7-1-1024x768.jpg"";i:6;s:76:""http://sierrasinmobiliaria.com.ar/wp-content/uploads/2021/12/10-1024x768.jpg"";}"
7513,"T41 - TERRENO DE 3000 M2 SOBRE CAMINO DE LOS ARTESANOS EN MINA CLAVERO","a:6:{i:0;s:78:""http://sierrasinmobiliaria.com.ar/wp-content/uploads/2021/12/1-3-767x1024.jpeg"";i:1;s:78:""http://sierrasinmobiliaria.com.ar/wp-content/uploads/2021/12/2-3-767x1024.jpeg"";i:2;s:78:""http://sierrasinmobiliaria.com.ar/wp-content/uploads/2021/12/5-2-767x1024.jpeg"";i:3;s:78:""http://sierrasinmobiliaria.com.ar/wp-content/uploads/2021/12/6-2-767x1024.jpeg"";i:4;s:79:""http://sierrasinmobiliaria.com.ar/wp-content/uploads/2021/12/10-2-767x1024.jpeg"";i:5;s:76:""http://sierrasinmobiliaria.com.ar/wp-content/uploads/2021/12/b-767x1024.jpeg"";}"
7532,"TERRENO DE 2500 m2 EN SAN HUBERTO","a:6:{i:0;s:77:""http://sierrasinmobiliaria.com.ar/wp-content/uploads/2021/12/1-5-1024x768.jpg"";i:1;s:77:""http://sierrasinmobiliaria.com.ar/wp-content/uploads/2021/12/2-4-1024x768.jpg"";i:2;s:72:""http://sierrasinmobiliaria.com.ar/wp-content/uploads/2021/12/3-copia.jpg"";i:3;s:77:""http://sierrasinmobiliaria.com.ar/wp-content/uploads/2021/12/4-2-1024x768.jpg"";i:4;s:77:""http://sierrasinmobiliaria.com.ar/wp-content/uploads/2021/12/6-2-768x1024.jpg"";i:5;s:75:""http://sierrasinmobiliaria.com.ar/wp-content/uploads/2021/12/9-1024x768.jpg"";}"
7542,"NM01 - DOS LOCALES EN VILLA CURA BROCHERO","a:7:{i:0;s:75:""http://sierrasinmobiliaria.com.ar/wp-content/uploads/2021/12/a-1024x768.jpg"";i:1;s:77:""http://sierrasinmobiliaria.com.ar/wp-content/uploads/2021/12/b-1-1024x768.jpg"";i:2;s:77:""http://sierrasinmobiliaria.com.ar/wp-content/uploads/2021/12/c-1-1024x768.jpg"";i:3;s:75:""http://sierrasinmobiliaria.com.ar/wp-content/uploads/2021/12/d-768x1024.jpg"";i:4;s:75:""http://sierrasinmobiliaria.com.ar/wp-content/uploads/2021/12/e-1024x768.jpg"";i:5;s:77:""http://sierrasinmobiliaria.com.ar/wp-content/uploads/2021/12/f-1-1024x768.jpg"";i:6;s:75:""http://sierrasinmobiliaria.com.ar/wp-content/uploads/2021/12/h-1024x768.jpg"";}"
7551,"NM 05 – 4 Departamentos en Venta en San Lorenzo","a:7:{i:0;s:110:""http://sierrasinmobiliaria.com.ar/wp-content/uploads/2021/12/e95314f8-a885-4635-987c-700ad21ebbd8-1024x685.jpg"";i:1;s:110:""http://sierrasinmobiliaria.com.ar/wp-content/uploads/2021/12/19a7910d-9371-40c7-956e-a1ff872312a3-1024x768.jpg"";i:2;s:110:""http://sierrasinmobiliaria.com.ar/wp-content/uploads/2021/12/040d9467-3d71-4b6f-ae86-f62f13d4d498-1024x768.jpg"";i:3;s:110:""http://sierrasinmobiliaria.com.ar/wp-content/uploads/2021/12/3c5ac963-1fdf-459b-98df-173251635afd-1024x575.jpg"";i:4;s:110:""http://sierrasinmobiliaria.com.ar/wp-content/uploads/2021/12/2f2573a0-669d-4534-baea-cf71a624ad50-1024x768.jpg"";i:5;s:110:""http://sierrasinmobiliaria.com.ar/wp-content/uploads/2021/12/0f9de28d-1439-4fd9-8280-6a03c53d4fd9-768x1024.jpg"";i:6;s:110:""http://sierrasinmobiliaria.com.ar/wp-content/uploads/2021/12/d5d2cced-20b6-4bb8-ad92-d5c8d96aace0-1024x768.jpg"";}"
7559,"NM07 – COMPLEJO DE DEPARTAMENTOS EN VILLA CURA BROCHERO","a:6:{i:0;s:112:""http://sierrasinmobiliaria.com.ar/wp-content/uploads/2021/12/7a6ff18e-4de4-46c2-b44c-d966bfbb0594-1-1024x768.jpg"";i:1;s:112:""http://sierrasinmobiliaria.com.ar/wp-content/uploads/2021/12/0d15f6e5-d6ac-464f-9d70-06b5b7cb122a-1-1024x768.jpg"";i:2;s:89:""http://sierrasinmobiliaria.com.ar/wp-content/uploads/2021/12/20210202_190000-1024x768.jpg"";i:3;s:112:""http://sierrasinmobiliaria.com.ar/wp-content/uploads/2021/12/076a7d2b-4644-446a-8468-cd4dab162859-1-1024x768.jpg"";i:4;s:110:""http://sierrasinmobiliaria.com.ar/wp-content/uploads/2021/12/c4a32968-a56c-4056-9a7d-075ccf8100dd-1024x614.jpg"";i:5;s:112:""http://sierrasinmobiliaria.com.ar/wp-content/uploads/2021/12/72d3d582-1467-4288-9a94-0194aa79ccfc-1-1024x768.jpg"";}"
7609,"V10 – VIVIENDA DE DOS DORMITORIOS EN ZONA CENTRICA DE MINA CLAVERO","a:7:{i:0;s:76:""http://sierrasinmobiliaria.com.ar/wp-content/uploads/2022/06/1.-1024x473.jpg"";i:1;s:76:""http://sierrasinmobiliaria.com.ar/wp-content/uploads/2022/06/2.-1024x472.jpg"";i:2;s:76:""http://sierrasinmobiliaria.com.ar/wp-content/uploads/2022/06/4.-1024x472.jpg"";i:3;s:76:""http://sierrasinmobiliaria.com.ar/wp-content/uploads/2022/06/5.-1024x472.jpg"";i:4;s:76:""http://sierrasinmobiliaria.com.ar/wp-content/uploads/2022/06/6.-1024x472.jpg"";i:5;s:76:""http://sierrasinmobiliaria.com.ar/wp-content/uploads/2022/06/7.-1024x472.jpg"";i:6;s:76:""http://sierrasinmobiliaria.com.ar/wp-content/uploads/2022/06/8.-1024x472.jpg"";}"
7621,"T42 - LOTE DE 1600 M2 EN BARRIO PROGRESO MINA CLAVERO","a:5:{i:0;s:82:""http://sierrasinmobiliaria.com.ar/wp-content/uploads/2022/06/IMAGEN-1-1024x768.jpg"";i:1;s:82:""http://sierrasinmobiliaria.com.ar/wp-content/uploads/2022/06/IMAGEN-2-1024x768.jpg"";i:2;s:82:""http://sierrasinmobiliaria.com.ar/wp-content/uploads/2022/06/IMAGEN-3-1024x768.jpg"";i:3;s:83:""http://sierrasinmobiliaria.com.ar/wp-content/uploads/2022/06/IMAGEN-4-1024x768.jpeg"";i:4;s:83:""http://sierrasinmobiliaria.com.ar/wp-content/uploads/2022/06/IMAGEN-5-1024x768.jpeg"";}"
7666,"T19 - LOTE DE 1000 M2 EN BARRIO PRIVADO “TERRAZAS DEL VALLE” EN ARROYO DE LOS PATOS","a:8:{i:0;s:75:""http://sierrasinmobiliaria.com.ar/wp-content/uploads/2022/06/1-1024x473.jpg"";i:1;s:75:""http://sierrasinmobiliaria.com.ar/wp-content/uploads/2022/06/2-1024x473.jpg"";i:2;s:75:""http://sierrasinmobiliaria.com.ar/wp-content/uploads/2022/06/3-1024x472.jpg"";i:3;s:77:""http://sierrasinmobiliaria.com.ar/wp-content/uploads/2022/06/4-1-1024x473.jpg"";i:4;s:77:""http://sierrasinmobiliaria.com.ar/wp-content/uploads/2022/06/5-2-1024x448.jpg"";i:5;s:77:""http://sierrasinmobiliaria.com.ar/wp-content/uploads/2022/06/6-1-1024x473.jpg"";i:6;s:77:""http://sierrasinmobiliaria.com.ar/wp-content/uploads/2022/06/7-1-1024x473.jpg"";i:7;s:77:""http://sierrasinmobiliaria.com.ar/wp-content/uploads/2022/06/8-1-1024x472.jpg"";}"
7676,"NM10 – Dos Locales Comerciales en Arroyo de los Patos","a:8:{i:0;s:77:""http://sierrasinmobiliaria.com.ar/wp-content/uploads/2022/06/1-1-1024x472.jpg"";i:1;s:77:""http://sierrasinmobiliaria.com.ar/wp-content/uploads/2022/06/2-1-1024x479.jpg"";i:2;s:77:""http://sierrasinmobiliaria.com.ar/wp-content/uploads/2022/06/3-1-1024x472.jpg"";i:3;s:77:""http://sierrasinmobiliaria.com.ar/wp-content/uploads/2022/06/4-2-1024x472.jpg"";i:4;s:77:""http://sierrasinmobiliaria.com.ar/wp-content/uploads/2022/06/5-3-1024x472.jpg"";i:5;s:77:""http://sierrasinmobiliaria.com.ar/wp-content/uploads/2022/06/6-2-472x1024.jpg"";i:6;s:77:""http://sierrasinmobiliaria.com.ar/wp-content/uploads/2022/06/7-2-1024x472.jpg"";i:7;s:77:""http://sierrasinmobiliaria.com.ar/wp-content/uploads/2022/06/8-2-1024x472.jpg"";}"
7686,"V55 - Casa de dos dormitorios en Mina Clavero.","a:5:{i:0;s:77:""http://sierrasinmobiliaria.com.ar/wp-content/uploads/2022/06/1-2-1024x472.jpg"";i:1;s:77:""http://sierrasinmobiliaria.com.ar/wp-content/uploads/2022/06/3-2-1024x472.jpg"";i:2;s:77:""http://sierrasinmobiliaria.com.ar/wp-content/uploads/2022/06/4-3-1024x472.jpg"";i:3;s:77:""http://sierrasinmobiliaria.com.ar/wp-content/uploads/2022/06/9-2-1024x768.jpg"";i:4;s:78:""http://sierrasinmobiliaria.com.ar/wp-content/uploads/2022/06/10-1-1024x768.jpg"";}"
7720,"T48 - LOTE DE 6000 M2 EN SAN LORENZO","a:7:{i:0;s:75:""http://sierrasinmobiliaria.com.ar/wp-content/uploads/2022/07/2-1024x473.jpg"";i:1;s:75:""http://sierrasinmobiliaria.com.ar/wp-content/uploads/2022/07/1-1024x473.jpg"";i:2;s:75:""http://sierrasinmobiliaria.com.ar/wp-content/uploads/2022/07/3-1024x472.jpg"";i:3;s:75:""http://sierrasinmobiliaria.com.ar/wp-content/uploads/2022/07/4-1024x472.jpg"";i:4;s:75:""http://sierrasinmobiliaria.com.ar/wp-content/uploads/2022/07/5-1024x472.jpg"";i:5;s:75:""http://sierrasinmobiliaria.com.ar/wp-content/uploads/2022/07/9-1024x768.jpg"";i:6;s:76:""http://sierrasinmobiliaria.com.ar/wp-content/uploads/2022/07/10-473x1024.jpg"";}"
7737,"V33 - CASA DE DOS DORMITORIOS EN BARRIO COSTA AZUL – VILLA CURA BROCHERO","a:2:{i:0;s:77:""http://sierrasinmobiliaria.com.ar/wp-content/uploads/2022/07/2-1-1024x472.jpg"";i:1;s:77:""http://sierrasinmobiliaria.com.ar/wp-content/uploads/2022/07/3-1-1024x472.jpg"";}"
7746,"V32 – CASA DE DOS DORMITORIOS EN VILLA CURA BROCHERO","a:7:{i:0;s:77:""http://sierrasinmobiliaria.com.ar/wp-content/uploads/2022/07/1-2-1024x473.jpg"";i:1;s:77:""http://sierrasinmobiliaria.com.ar/wp-content/uploads/2022/07/3-2-1024x473.jpg"";i:2;s:77:""http://sierrasinmobiliaria.com.ar/wp-content/uploads/2022/07/4-2-1024x472.jpg"";i:3;s:77:""http://sierrasinmobiliaria.com.ar/wp-content/uploads/2022/07/5-2-1024x472.jpg"";i:4;s:77:""http://sierrasinmobiliaria.com.ar/wp-content/uploads/2022/07/6-1-472x1024.jpg"";i:5;s:77:""http://sierrasinmobiliaria.com.ar/wp-content/uploads/2022/07/9-1-1024x472.jpg"";i:6;s:78:""http://sierrasinmobiliaria.com.ar/wp-content/uploads/2022/07/10-1-472x1024.jpg"";}"
7754,"NM12 – DOS DEPARTAMENTOS CON PILETA EN SAN LORENZO","a:8:{i:0;s:76:""http://sierrasinmobiliaria.com.ar/wp-content/uploads/2022/07/1.-1024x768.jpg"";i:1;s:77:""http://sierrasinmobiliaria.com.ar/wp-content/uploads/2022/07/1-3-1024x768.jpg"";i:2;s:77:""http://sierrasinmobiliaria.com.ar/wp-content/uploads/2022/07/2-2-768x1024.jpg"";i:3;s:77:""http://sierrasinmobiliaria.com.ar/wp-content/uploads/2022/07/4-3-768x1024.jpg"";i:4;s:77:""http://sierrasinmobiliaria.com.ar/wp-content/uploads/2022/07/5-3-1024x768.jpg"";i:5;s:77:""http://sierrasinmobiliaria.com.ar/wp-content/uploads/2022/07/6-2-768x1024.jpg"";i:6;s:77:""http://sierrasinmobiliaria.com.ar/wp-content/uploads/2022/07/7-1-1024x768.jpg"";i:7;s:77:""http://sierrasinmobiliaria.com.ar/wp-content/uploads/2022/07/8-1-1024x768.jpg"";}"
7798,"T36 - LOTE DE 1.250 M2 CAMINO AL DIQUE LA VIÑA – QUEBRADA DE LOS POZOS","a:8:{i:0;s:77:""http://sierrasinmobiliaria.com.ar/wp-content/uploads/2022/07/1-6-1024x472.jpg"";i:1;s:77:""http://sierrasinmobiliaria.com.ar/wp-content/uploads/2022/07/2-5-1024x472.jpg"";i:2;s:77:""http://sierrasinmobiliaria.com.ar/wp-content/uploads/2022/07/3-5-1024x473.jpg"";i:3;s:77:""http://sierrasinmobiliaria.com.ar/wp-content/uploads/2022/07/4-6-1024x472.jpg"";i:4;s:77:""http://sierrasinmobiliaria.com.ar/wp-content/uploads/2022/07/5-5-1024x472.jpg"";i:5;s:77:""http://sierrasinmobiliaria.com.ar/wp-content/uploads/2022/07/6-5-1024x472.jpg"";i:6;s:78:""http://sierrasinmobiliaria.com.ar/wp-content/uploads/2022/07/10-4-1024x472.jpg"";i:7;s:76:""http://sierrasinmobiliaria.com.ar/wp-content/uploads/2022/07/11-1024x472.jpg"";}"
7807,"T37 - LOTE DE 2500 M2 CAMINO AL DIQUE LA VIÑA EN QUEBRADA DE LOS POZOS","a:5:{i:0;s:77:""http://sierrasinmobiliaria.com.ar/wp-content/uploads/2022/07/4-8-1024x472.jpg"";i:1;s:77:""http://sierrasinmobiliaria.com.ar/wp-content/uploads/2022/07/4-7-1024x472.jpg"";i:2;s:77:""http://sierrasinmobiliaria.com.ar/wp-content/uploads/2022/07/8-3-1024x473.jpg"";i:3;s:77:""http://sierrasinmobiliaria.com.ar/wp-content/uploads/2022/07/5-6-1024x472.jpg"";i:4;s:78:""http://sierrasinmobiliaria.com.ar/wp-content/uploads/2022/07/10-5-1024x472.jpg"";}"
7816,"T60 - LOTE DE 607 M2 EN ARROYO DE LOS PATOS","a:5:{i:0;s:77:""http://sierrasinmobiliaria.com.ar/wp-content/uploads/2022/07/1-9-1024x473.jpg"";i:1;s:77:""http://sierrasinmobiliaria.com.ar/wp-content/uploads/2022/07/2-6-1024x472.jpg"";i:2;s:77:""http://sierrasinmobiliaria.com.ar/wp-content/uploads/2022/07/3-6-1024x472.jpg"";i:3;s:77:""http://sierrasinmobiliaria.com.ar/wp-content/uploads/2022/07/4-9-1024x472.jpg"";i:4;s:77:""http://sierrasinmobiliaria.com.ar/wp-content/uploads/2022/07/5-7-1024x472.jpg"";}"
7822,"T61 - LOTE DE 505 M2 EN ARROYO DE LOS PATOS","a:5:{i:0;s:78:""http://sierrasinmobiliaria.com.ar/wp-content/uploads/2022/07/1-10-1024x472.jpg"";i:1;s:77:""http://sierrasinmobiliaria.com.ar/wp-content/uploads/2022/07/2-7-1024x472.jpg"";i:2;s:77:""http://sierrasinmobiliaria.com.ar/wp-content/uploads/2022/07/3-7-1024x472.jpg"";i:3;s:78:""http://sierrasinmobiliaria.com.ar/wp-content/uploads/2022/07/4-10-1024x472.jpg"";i:4;s:77:""http://sierrasinmobiliaria.com.ar/wp-content/uploads/2022/07/5-8-1024x472.jpg"";}"
7832,"T51 - DOS (2) TERRENOS EN BLOQUE EN BARRIO LAS LOMITAS - VILLA CURA BROCHERO","a:6:{i:0;s:75:""http://sierrasinmobiliaria.com.ar/wp-content/uploads/2022/08/1-1024x471.jpg"";i:1;s:75:""http://sierrasinmobiliaria.com.ar/wp-content/uploads/2022/08/2-1024x473.jpg"";i:2;s:75:""http://sierrasinmobiliaria.com.ar/wp-content/uploads/2022/08/3-1024x473.jpg"";i:3;s:75:""http://sierrasinmobiliaria.com.ar/wp-content/uploads/2022/08/4-1024x473.jpg"";i:4;s:75:""http://sierrasinmobiliaria.com.ar/wp-content/uploads/2022/08/5-1024x473.jpg"";i:5;s:75:""http://sierrasinmobiliaria.com.ar/wp-content/uploads/2022/08/6-1024x473.jpg"";}"
7839,"T07 - TERRENO DE 300 M2 EN VILLA CURA BROCHERO","a:3:{i:0;s:75:""http://sierrasinmobiliaria.com.ar/wp-content/uploads/2022/08/8-1024x768.jpg"";i:1;s:77:""http://sierrasinmobiliaria.com.ar/wp-content/uploads/2022/08/1-1-1024x768.jpg"";i:2;s:75:""http://sierrasinmobiliaria.com.ar/wp-content/uploads/2022/08/7-1024x768.jpg"";}"
7850,"T18 - TERRENO DE 2000 M2 SOBRE RUTA 14 EN ARROYO DE LOS PATOS","a:4:{i:0;s:84:""http://sierrasinmobiliaria.com.ar/wp-content/uploads/2022/08/IMAGEN-1-1-1024x473.jpg"";i:1;s:82:""http://sierrasinmobiliaria.com.ar/wp-content/uploads/2022/08/IMAGEN-2-1024x472.jpg"";i:2;s:84:""http://sierrasinmobiliaria.com.ar/wp-content/uploads/2022/08/IMAGEN-6-1-1024x473.jpg"";i:3;s:83:""http://sierrasinmobiliaria.com.ar/wp-content/uploads/2022/08/IMAGEN-5.-1024x472.jpg"";}"
7855,"T19 - LOTE DE 1000 M2 EN BARRIO PRIVADO “TERRAZAS DEL VALLE” EN ARROYO DE LOS PATOS","a:5:{i:0;s:77:""http://sierrasinmobiliaria.com.ar/wp-content/uploads/2022/08/1-2-1024x473.jpg"";i:1;s:77:""http://sierrasinmobiliaria.com.ar/wp-content/uploads/2022/08/3-1-1024x472.jpg"";i:2;s:77:""http://sierrasinmobiliaria.com.ar/wp-content/uploads/2022/08/4-1-1024x473.jpg"";i:3;s:77:""http://sierrasinmobiliaria.com.ar/wp-content/uploads/2022/08/8-1-1024x472.jpg"";i:4;s:75:""http://sierrasinmobiliaria.com.ar/wp-content/uploads/2022/08/9-1024x473.jpg"";}"
7862,"T45 - LOTE DE 325 M2 SOBRE COSTANERA DE MINA CLAVERO","a:7:{i:0;s:77:""http://sierrasinmobiliaria.com.ar/wp-content/uploads/2022/08/1-3-1024x473.jpg"";i:1;s:77:""http://sierrasinmobiliaria.com.ar/wp-content/uploads/2022/08/2-1-1024x473.jpg"";i:2;s:77:""http://sierrasinmobiliaria.com.ar/wp-content/uploads/2022/08/3-2-1024x473.jpg"";i:3;s:77:""http://sierrasinmobiliaria.com.ar/wp-content/uploads/2022/08/4-2-1024x473.jpg"";i:4;s:77:""http://sierrasinmobiliaria.com.ar/wp-content/uploads/2022/08/5-1-1024x473.jpg"";i:5;s:77:""http://sierrasinmobiliaria.com.ar/wp-content/uploads/2022/08/6-1-1024x473.jpg"";i:6;s:77:""http://sierrasinmobiliaria.com.ar/wp-content/uploads/2022/08/7-1-1024x473.jpg"";}"
7870,"T49 - LOTE DE 730 M2 EN SAN LORENZO","a:3:{i:0;s:76:""http://sierrasinmobiliaria.com.ar/wp-content/uploads/2022/08/1-768x1024.jpeg"";i:1;s:76:""http://sierrasinmobiliaria.com.ar/wp-content/uploads/2022/08/2-768x1024.jpeg"";i:2;s:76:""http://sierrasinmobiliaria.com.ar/wp-content/uploads/2022/08/3-768x1024.jpeg"";}"
7573,"V13- VIVIENDA EN VILLA CURA BROCHERO","a:5:{i:0;s:77:""http://sierrasinmobiliaria.com.ar/wp-content/uploads/2022/06/1-4-1024x768.jpg"";i:1;s:77:""http://sierrasinmobiliaria.com.ar/wp-content/uploads/2022/06/2-3-1024x768.jpg"";i:2;s:77:""http://sierrasinmobiliaria.com.ar/wp-content/uploads/2022/06/3-4-768x1024.jpg"";i:3;s:77:""http://sierrasinmobiliaria.com.ar/wp-content/uploads/2022/06/4-5-1024x768.jpg"";i:4;s:77:""http://sierrasinmobiliaria.com.ar/wp-content/uploads/2022/06/5-6-1024x768.jpg"";}"
7882,"T20 - LOTE DE 810 M2 EN ARROYO DE LOS PATOS","a:4:{i:0;s:77:""http://sierrasinmobiliaria.com.ar/wp-content/uploads/2022/08/1-4-1024x768.jpg"";i:1;s:77:""http://sierrasinmobiliaria.com.ar/wp-content/uploads/2022/08/2-2-1024x768.jpg"";i:2;s:77:""http://sierrasinmobiliaria.com.ar/wp-content/uploads/2022/08/3-3-1024x768.jpg"";i:3;s:77:""http://sierrasinmobiliaria.com.ar/wp-content/uploads/2022/08/4-3-1024x768.jpg"";}"
7887,"T21 - LOTE DE 810 M2 EN ARROYO DE LOS PATOS","a:2:{i:0;s:77:""http://sierrasinmobiliaria.com.ar/wp-content/uploads/2022/08/1-5-1024x768.jpg"";i:1;s:77:""http://sierrasinmobiliaria.com.ar/wp-content/uploads/2022/08/2-3-1024x768.jpg"";}"
7893,"NM06 – GALPÓN Y DEPARTAMENTO EN VILLA CURA BROCHERO","a:6:{i:0;s:77:""http://sierrasinmobiliaria.com.ar/wp-content/uploads/2022/08/1-6-1024x768.jpg"";i:1;s:77:""http://sierrasinmobiliaria.com.ar/wp-content/uploads/2022/08/2-4-1024x768.jpg"";i:2;s:77:""http://sierrasinmobiliaria.com.ar/wp-content/uploads/2022/08/3-4-1024x768.jpg"";i:3;s:77:""http://sierrasinmobiliaria.com.ar/wp-content/uploads/2022/08/4-4-1024x768.jpg"";i:4;s:77:""http://sierrasinmobiliaria.com.ar/wp-content/uploads/2022/08/5-2-1024x768.jpg"";i:5;s:77:""http://sierrasinmobiliaria.com.ar/wp-content/uploads/2022/08/8-2-1024x768.jpg"";}"
7923,"T46 - LOTE DE 325 M2 EN BARRIO SAN SEBASTIAN EN MINA CLAVERO","a:4:{i:0;s:77:""http://sierrasinmobiliaria.com.ar/wp-content/uploads/2022/08/1-7-1024x768.jpg"";i:1;s:77:""http://sierrasinmobiliaria.com.ar/wp-content/uploads/2022/08/2-5-1024x768.jpg"";i:2;s:77:""http://sierrasinmobiliaria.com.ar/wp-content/uploads/2022/08/3-5-1024x768.jpg"";i:3;s:77:""http://sierrasinmobiliaria.com.ar/wp-content/uploads/2022/08/4-5-1024x768.jpg"";}"
7928,"T64 - LOTE DE 640 M2 EN ARROYO DE LOS PATOS","a:6:{i:0;s:77:""http://sierrasinmobiliaria.com.ar/wp-content/uploads/2022/08/1-8-1024x768.jpg"";i:1;s:77:""http://sierrasinmobiliaria.com.ar/wp-content/uploads/2022/08/2-6-1024x768.jpg"";i:2;s:77:""http://sierrasinmobiliaria.com.ar/wp-content/uploads/2022/08/3-6-1024x768.jpg"";i:3;s:77:""http://sierrasinmobiliaria.com.ar/wp-content/uploads/2022/08/4-6-1024x768.jpg"";i:4;s:77:""http://sierrasinmobiliaria.com.ar/wp-content/uploads/2022/08/5-3-1024x768.jpg"";i:5;s:77:""http://sierrasinmobiliaria.com.ar/wp-content/uploads/2022/08/7-2-1024x768.jpg"";}"
7970,"T44 - LOTE DE 1525 M2 EN BARRIO INDUSTRIAL MINA CLAVERO","a:6:{i:0;s:75:""http://sierrasinmobiliaria.com.ar/wp-content/uploads/2022/09/1-1024x472.jpg"";i:1;s:75:""http://sierrasinmobiliaria.com.ar/wp-content/uploads/2022/09/2-1024x472.jpg"";i:2;s:75:""http://sierrasinmobiliaria.com.ar/wp-content/uploads/2022/09/3-1024x472.jpg"";i:3;s:75:""http://sierrasinmobiliaria.com.ar/wp-content/uploads/2022/09/4-1024x472.jpg"";i:4;s:75:""http://sierrasinmobiliaria.com.ar/wp-content/uploads/2022/09/5-1024x472.jpg"";i:5;s:75:""http://sierrasinmobiliaria.com.ar/wp-content/uploads/2022/09/6-1024x472.jpg"";}"
8001,"C02 – CHACRA DE 5.5 HECTÁREAS EN CUCHILLACO","a:7:{i:0;s:77:""http://sierrasinmobiliaria.com.ar/wp-content/uploads/2022/09/1-1-1024x473.jpg"";i:1;s:77:""http://sierrasinmobiliaria.com.ar/wp-content/uploads/2022/09/2-1-1024x472.jpg"";i:2;s:77:""http://sierrasinmobiliaria.com.ar/wp-content/uploads/2022/09/3-1-1024x472.jpg"";i:3;s:77:""http://sierrasinmobiliaria.com.ar/wp-content/uploads/2022/09/4-1-1024x472.jpg"";i:4;s:77:""http://sierrasinmobiliaria.com.ar/wp-content/uploads/2022/09/5-1-1024x472.jpg"";i:5;s:75:""http://sierrasinmobiliaria.com.ar/wp-content/uploads/2022/09/7-1024x472.jpg"";i:6;s:75:""http://sierrasinmobiliaria.com.ar/wp-content/uploads/2022/09/8-1024x472.jpg"";}"
8009,"C03 - 356 HECTÁREAS GANADERAS EN CAÑADA DE SALA - SALSACATE","a:8:{i:0;s:77:""http://sierrasinmobiliaria.com.ar/wp-content/uploads/2022/09/1-2-1024x473.jpg"";i:1;s:76:""http://sierrasinmobiliaria.com.ar/wp-content/uploads/2022/09/2-1024x484.jpeg"";i:2;s:77:""http://sierrasinmobiliaria.com.ar/wp-content/uploads/2022/09/3-2-1024x473.jpg"";i:3;s:77:""http://sierrasinmobiliaria.com.ar/wp-content/uploads/2022/09/4-2-1024x473.jpg"";i:4;s:77:""http://sierrasinmobiliaria.com.ar/wp-content/uploads/2022/09/5-2-1024x472.jpg"";i:5;s:77:""http://sierrasinmobiliaria.com.ar/wp-content/uploads/2022/09/6-1-1024x473.jpg"";i:6;s:76:""http://sierrasinmobiliaria.com.ar/wp-content/uploads/2022/09/7-1024x484.jpeg"";i:7;s:76:""http://sierrasinmobiliaria.com.ar/wp-content/uploads/2022/09/8-1024x484.jpeg"";}"
8018,"C04 - 234 HAS GANADERAS EN CHAMICO- SALSACATE","a:6:{i:0;s:76:""http://sierrasinmobiliaria.com.ar/wp-content/uploads/2022/09/1-1024x614.jpeg"";i:1;s:78:""http://sierrasinmobiliaria.com.ar/wp-content/uploads/2022/09/2-1-1024x614.jpeg"";i:2;s:76:""http://sierrasinmobiliaria.com.ar/wp-content/uploads/2022/09/3-1024x614.jpeg"";i:3;s:76:""http://sierrasinmobiliaria.com.ar/wp-content/uploads/2022/09/4-1024x614.jpeg"";i:4;s:76:""http://sierrasinmobiliaria.com.ar/wp-content/uploads/2022/09/5-1024x614.jpeg"";i:5;s:76:""http://sierrasinmobiliaria.com.ar/wp-content/uploads/2022/09/6-1024x576.jpeg"";}"
8045,"C05 – CINCO (5) HECTÁREASS DE CAMPO SOBRE RÍO JAIME - SALSACATE","a:5:{i:0;s:77:""http://sierrasinmobiliaria.com.ar/wp-content/uploads/2022/09/1-3-1024x473.jpg"";i:1;s:77:""http://sierrasinmobiliaria.com.ar/wp-content/uploads/2022/09/2-2-1024x473.jpg"";i:2;s:77:""http://sierrasinmobiliaria.com.ar/wp-content/uploads/2022/09/3-3-1024x473.jpg"";i:3;s:77:""http://sierrasinmobiliaria.com.ar/wp-content/uploads/2022/09/4-3-1024x472.jpg"";i:4;s:77:""http://sierrasinmobiliaria.com.ar/wp-content/uploads/2022/09/5-3-1024x472.jpg"";}"
8052,"C06 – 404 HECTÁREAS EN CHAÑARIACO – DEPARTAMENTO MINAS","a:8:{i:0;s:77:""http://sierrasinmobiliaria.com.ar/wp-content/uploads/2022/09/1-4-1024x576.jpg"";i:1;s:77:""http://sierrasinmobiliaria.com.ar/wp-content/uploads/2022/09/2-3-1024x576.jpg"";i:2;s:77:""http://sierrasinmobiliaria.com.ar/wp-content/uploads/2022/09/3-4-1024x576.jpg"";i:3;s:77:""http://sierrasinmobiliaria.com.ar/wp-content/uploads/2022/09/4-4-1024x576.jpg"";i:4;s:77:""http://sierrasinmobiliaria.com.ar/wp-content/uploads/2022/09/5-4-1024x576.jpg"";i:5;s:77:""http://sierrasinmobiliaria.com.ar/wp-content/uploads/2022/09/8-1-1024x576.jpg"";i:6;s:75:""http://sierrasinmobiliaria.com.ar/wp-content/uploads/2022/09/9-1024x576.jpg"";i:7;s:76:""http://sierrasinmobiliaria.com.ar/wp-content/uploads/2022/09/10-1024x576.jpg"";}"
8068,"V58 – VIVIENDA DE DOS DORMITORIOS CON LOCAL COMERCIAL EN MINA CLAVERO","a:6:{i:0;s:66:""http://sierrasinmobiliaria.com.ar/wp-content/uploads/2022/09/1.png"";i:1;s:78:""http://sierrasinmobiliaria.com.ar/wp-content/uploads/2022/09/2-2-768x1024.jpeg"";i:2;s:78:""http://sierrasinmobiliaria.com.ar/wp-content/uploads/2022/09/3-1-1024x576.jpeg"";i:3;s:78:""http://sierrasinmobiliaria.com.ar/wp-content/uploads/2022/09/4-2-636x1024.jpeg"";i:4;s:78:""http://sierrasinmobiliaria.com.ar/wp-content/uploads/2022/09/5-1-680x1024.jpeg"";i:5;s:78:""http://sierrasinmobiliaria.com.ar/wp-content/uploads/2022/09/6-1-1024x576.jpeg"";}"
8085,"V59 - CASA DE DOS DORMITORIOS A ESTRENAR EN MINA CLAVERO.","a:6:{i:0;s:78:""http://sierrasinmobiliaria.com.ar/wp-content/uploads/2022/09/1-1-1024x768.jpeg"";i:1;s:78:""http://sierrasinmobiliaria.com.ar/wp-content/uploads/2022/09/2-3-1024x768.jpeg"";i:2;s:78:""http://sierrasinmobiliaria.com.ar/wp-content/uploads/2022/09/3-2-1024x768.jpeg"";i:3;s:78:""http://sierrasinmobiliaria.com.ar/wp-content/uploads/2022/09/4-3-1024x768.jpeg"";i:4;s:78:""http://sierrasinmobiliaria.com.ar/wp-content/uploads/2022/09/5-2-1024x768.jpeg"";i:5;s:78:""http://sierrasinmobiliaria.com.ar/wp-content/uploads/2022/09/6-2-1024x768.jpeg"";}"
8092,"T47 - LOTE DE 1000 M2 EN MINA CLAVERO","a:6:{i:0;s:78:""http://sierrasinmobiliaria.com.ar/wp-content/uploads/2022/09/1-2-1024x768.jpeg"";i:1;s:78:""http://sierrasinmobiliaria.com.ar/wp-content/uploads/2022/09/2-4-1024x768.jpeg"";i:2;s:78:""http://sierrasinmobiliaria.com.ar/wp-content/uploads/2022/09/3-3-1024x768.jpeg"";i:3;s:78:""http://sierrasinmobiliaria.com.ar/wp-content/uploads/2022/09/4-4-1024x768.jpeg"";i:4;s:78:""http://sierrasinmobiliaria.com.ar/wp-content/uploads/2022/09/5-3-1024x768.jpeg"";i:5;s:78:""http://sierrasinmobiliaria.com.ar/wp-content/uploads/2022/09/6-3-1024x768.jpeg"";}"
8105,"T65 - TERRENO DE 800 M2 EN ARROYO DE LOS PATOS","a:7:{i:0;s:78:""http://sierrasinmobiliaria.com.ar/wp-content/uploads/2022/09/1-3-1024x768.jpeg"";i:1;s:78:""http://sierrasinmobiliaria.com.ar/wp-content/uploads/2022/09/2-5-1024x768.jpeg"";i:2;s:78:""http://sierrasinmobiliaria.com.ar/wp-content/uploads/2022/09/3-4-1024x768.jpeg"";i:3;s:78:""http://sierrasinmobiliaria.com.ar/wp-content/uploads/2022/09/4-5-1024x768.jpeg"";i:4;s:78:""http://sierrasinmobiliaria.com.ar/wp-content/uploads/2022/09/5-4-1024x768.jpeg"";i:5;s:78:""http://sierrasinmobiliaria.com.ar/wp-content/uploads/2022/09/6-4-1024x768.jpeg"";i:6;s:78:""http://sierrasinmobiliaria.com.ar/wp-content/uploads/2022/09/7-1-1024x768.jpeg"";}"
8113,"T66 - TERRENO DE 800 M2 EN ARROYO DE LOS PATOS","a:8:{i:0;s:78:""http://sierrasinmobiliaria.com.ar/wp-content/uploads/2022/09/1-4-1024x768.jpeg"";i:1;s:78:""http://sierrasinmobiliaria.com.ar/wp-content/uploads/2022/09/2-6-1024x768.jpeg"";i:2;s:78:""http://sierrasinmobiliaria.com.ar/wp-content/uploads/2022/09/3-5-1024x768.jpeg"";i:3;s:78:""http://sierrasinmobiliaria.com.ar/wp-content/uploads/2022/09/4-6-1024x768.jpeg"";i:4;s:78:""http://sierrasinmobiliaria.com.ar/wp-content/uploads/2022/09/5-5-1024x768.jpeg"";i:5;s:78:""http://sierrasinmobiliaria.com.ar/wp-content/uploads/2022/09/6-5-1024x768.jpeg"";i:6;s:78:""http://sierrasinmobiliaria.com.ar/wp-content/uploads/2022/09/7-2-1024x768.jpeg"";i:7;s:78:""http://sierrasinmobiliaria.com.ar/wp-content/uploads/2022/09/8-1-1024x768.jpeg"";}"
8122,"T67 - TERRENO DE 800 M2 EN ARROYO DE LOS PATOS","a:7:{i:0;s:78:""http://sierrasinmobiliaria.com.ar/wp-content/uploads/2022/09/1-5-1024x768.jpeg"";i:1;s:78:""http://sierrasinmobiliaria.com.ar/wp-content/uploads/2022/09/2-7-1024x768.jpeg"";i:2;s:78:""http://sierrasinmobiliaria.com.ar/wp-content/uploads/2022/09/3-6-1024x768.jpeg"";i:3;s:78:""http://sierrasinmobiliaria.com.ar/wp-content/uploads/2022/09/4-7-1024x768.jpeg"";i:4;s:78:""http://sierrasinmobiliaria.com.ar/wp-content/uploads/2022/09/5-6-1024x768.jpeg"";i:5;s:78:""http://sierrasinmobiliaria.com.ar/wp-content/uploads/2022/09/6-6-1024x768.jpeg"";i:6;s:78:""http://sierrasinmobiliaria.com.ar/wp-content/uploads/2022/09/7-3-1024x768.jpeg"";}"
8170,"V15 – DEPARTAMENTO CON LOCAL EN ZONA CÉNTRICA DE VILA CURA BROCHERO","a:8:{i:0;s:77:""http://sierrasinmobiliaria.com.ar/wp-content/uploads/2022/09/1-5-1024x472.jpg"";i:1;s:77:""http://sierrasinmobiliaria.com.ar/wp-content/uploads/2022/09/2-4-1024x472.jpg"";i:2;s:77:""http://sierrasinmobiliaria.com.ar/wp-content/uploads/2022/09/3-5-1024x473.jpg"";i:3;s:77:""http://sierrasinmobiliaria.com.ar/wp-content/uploads/2022/09/4-5-1024x473.jpg"";i:4;s:77:""http://sierrasinmobiliaria.com.ar/wp-content/uploads/2022/09/5-5-1024x472.jpg"";i:5;s:77:""http://sierrasinmobiliaria.com.ar/wp-content/uploads/2022/09/6-2-1024x472.jpg"";i:6;s:77:""http://sierrasinmobiliaria.com.ar/wp-content/uploads/2022/09/7-1-1024x472.jpg"";i:7;s:77:""http://sierrasinmobiliaria.com.ar/wp-content/uploads/2022/09/8-2-1024x472.jpg"";}"
8199,"V60 – VIVIENDA DE UN DORMITORIO EN BARRIO MAITHE DE MINA CLAVERO","a:6:{i:0;s:77:""http://sierrasinmobiliaria.com.ar/wp-content/uploads/2022/09/1-6-1024x768.jpg"";i:1;s:77:""http://sierrasinmobiliaria.com.ar/wp-content/uploads/2022/09/2-5-1024x768.jpg"";i:2;s:77:""http://sierrasinmobiliaria.com.ar/wp-content/uploads/2022/09/4-6-768x1024.jpg"";i:3;s:77:""http://sierrasinmobiliaria.com.ar/wp-content/uploads/2022/09/5-6-768x1024.jpg"";i:4;s:77:""http://sierrasinmobiliaria.com.ar/wp-content/uploads/2022/09/6-3-768x1024.jpg"";i:5;s:78:""http://sierrasinmobiliaria.com.ar/wp-content/uploads/2022/09/10-1-1024x768.jpg"";}"
8208,"V90 - CASA DE TRES DORMITORIOS A ESTRENAR EN ARROYO DE LOS PATOS","a:8:{i:0;s:69:""http://sierrasinmobiliaria.com.ar/wp-content/uploads/2022/09/1-6.jpeg"";i:1;s:69:""http://sierrasinmobiliaria.com.ar/wp-content/uploads/2022/09/2-8.jpeg"";i:2;s:69:""http://sierrasinmobiliaria.com.ar/wp-content/uploads/2022/09/3-7.jpeg"";i:3;s:78:""http://sierrasinmobiliaria.com.ar/wp-content/uploads/2022/09/4-8-581x1024.jpeg"";i:4;s:69:""http://sierrasinmobiliaria.com.ar/wp-content/uploads/2022/09/5-7.jpeg"";i:5;s:69:""http://sierrasinmobiliaria.com.ar/wp-content/uploads/2022/09/6-7.jpeg"";i:6;s:69:""http://sierrasinmobiliaria.com.ar/wp-content/uploads/2022/09/7-4.jpeg"";i:7;s:69:""http://sierrasinmobiliaria.com.ar/wp-content/uploads/2022/09/8-2.jpeg"";}"
8229,"V23 – CASA CON TRES HABITACIONES EN SAN LORENZO","a:8:{i:0;s:78:""http://sierrasinmobiliaria.com.ar/wp-content/uploads/2022/09/1-7-1024x768.jpeg"";i:1;s:78:""http://sierrasinmobiliaria.com.ar/wp-content/uploads/2022/09/2-9-1024x768.jpeg"";i:2;s:78:""http://sierrasinmobiliaria.com.ar/wp-content/uploads/2022/09/3-8-1024x768.jpeg"";i:3;s:78:""http://sierrasinmobiliaria.com.ar/wp-content/uploads/2022/09/4-9-768x1024.jpeg"";i:4;s:78:""http://sierrasinmobiliaria.com.ar/wp-content/uploads/2022/09/5-8-1024x768.jpeg"";i:5;s:78:""http://sierrasinmobiliaria.com.ar/wp-content/uploads/2022/09/8-3-1024x768.jpeg"";i:6;s:76:""http://sierrasinmobiliaria.com.ar/wp-content/uploads/2022/09/9-768x1024.jpeg"";i:7;s:77:""http://sierrasinmobiliaria.com.ar/wp-content/uploads/2022/09/11-1024x768.jpeg"";}"
8239,"C07 – 119 HAS de CAMPO GANADERO EN SAN CARLOS MINA","a:7:{i:0;s:93:""http://sierrasinmobiliaria.com.ar/wp-content/uploads/2022/09/IMG_20220901_154113-1024x472.jpg"";i:1;s:93:""http://sierrasinmobiliaria.com.ar/wp-content/uploads/2022/09/IMG_20220901_154127-1024x472.jpg"";i:2;s:93:""http://sierrasinmobiliaria.com.ar/wp-content/uploads/2022/09/IMG_20220901_154138-1024x472.jpg"";i:3;s:93:""http://sierrasinmobiliaria.com.ar/wp-content/uploads/2022/09/IMG_20220901_164606-1024x473.jpg"";i:4;s:93:""http://sierrasinmobiliaria.com.ar/wp-content/uploads/2022/09/IMG_20220901_165357-1024x472.jpg"";i:5;s:93:""http://sierrasinmobiliaria.com.ar/wp-content/uploads/2022/09/IMG_20220901_165321-1024x472.jpg"";i:6;s:93:""http://sierrasinmobiliaria.com.ar/wp-content/uploads/2022/09/IMG_20220901_164550-1024x472.jpg"";}"
